{"stat.flyOneCm":33592,"stat.useItem.minecraft.splash_potion":4,"stat.pickup.minecraft.glass_bottle":1,"stat.walkOneCm":19566,"stat.pickup.minecraft.lingering_potion":9,"stat.jump":85,"stat.playOneMinute":27186,"stat.leaveGame":1,"stat.sneakTime":664,"stat.brewingstandInteraction":22,"stat.pickup.minecraft.blaze_powder":63,"stat.crouchOneCm":118,"stat.timeSinceDeath":27186,"stat.dispenserInspected":12,"stat.useItem.minecraft.lingering_potion":56,"stat.sprintOneCm":2656,"stat.useItem.minecraft.stone_slab2":51}