{"stat.killEntity.firstmod.DirtBallKing":15,"stat.flyOneCm":13439,"stat.pickup.minecraft.lever":1,"stat.deaths":2,"stat.walkOneCm":22949,"stat.drop":1,"stat.jump":42,"stat.pickup.minecraft.command_block":1,"stat.playOneMinute":6750,"stat.leaveGame":1,"stat.sneakTime":43,"stat.damageTaken":490,"stat.damageDealt":90,"stat.drop.firstmod.dirt_ball":15,"stat.crouchOneCm":22,"stat.timeSinceDeath":32,"stat.entityKilledBy.firstmod.DirtBallKing":1,"stat.sprintOneCm":14662,"stat.mobKills":15,"stat.useItem.minecraft.stone_slab2":2,"stat.pickup.firstmod.compressed_dirt":8,"stat.pickup.firstmod.dirt_ball":488}