{"stat.killEntity.firstmod.DirtBallKing":15,"stat.flyOneCm":5392,"stat.pickup.minecraft.lever":2,"stat.deaths":1,"stat.walkOneCm":25590,"stat.jump":56,"stat.pickup.minecraft.command_block":1,"stat.playOneMinute":4754,"stat.fallOneCm":209,"stat.leaveGame":1,"stat.sneakTime":73,"stat.damageTaken":435,"stat.damageDealt":1010,"stat.pickup.minecraft.stone":1,"stat.timeSinceDeath":3396,"stat.entityKilledBy.firstmod.DirtBallKing":1,"stat.dispenserInspected":2,"stat.pickup.minecraft.dirt":64,"stat.mobKills":18,"stat.sprintOneCm":9834,"stat.useItem.firstmod.death_sword":5,"stat.pickup.firstmod.dirt_ball":113,"stat.pickup.firstmod.compressed_dirt":13}