{"stat.flyOneCm":20390,"stat.walkOneCm":33209,"stat.jump":56,"stat.playOneMinute":14365,"stat.leaveGame":1,"stat.sneakTime":585,"stat.craftItem.minecraft.stone_slab2":0,"stat.killEntity.Villager":26,"stat.craftItem.minecraft.dirt":41,"stat.craftItem.minecraft.emerald":1,"stat.damageDealt":3782,"stat.crouchOneCm":466,"stat.timeSinceDeath":14365,"stat.tradedWithVillager":43,"stat.craftItem.firstmod.dirt_pickaxe":1,"stat.sprintOneCm":1066,"stat.mobKills":44,"stat.pickup.minecraft.emerald":190,"stat.useItem.minecraft.spawn_egg":162,"stat.useItem.minecraft.stone_slab2":23,"stat.talkedToVillager":24,"stat.useItem.minecraft.diamond_sword":75,"stat.pickup.firstmod.dirt_ball":4}