{"stat.useItem.minecraft.bow":31,"stat.walkOneCm":48880,"stat.drop.minecraft.spectral_arrow":1,"stat.leaveGame":1,"stat.pickup.minecraft.grass":1,"stat.damageTaken":940,"stat.dispenserInspected":2,"stat.mobKills":11,"stat.useItem.minecraft.potion":2,"stat.flyOneCm":30547,"stat.deaths":5,"stat.pickup.minecraft.glass_bottle":3,"stat.drop":3,"stat.jump":54,"stat.playOneMinute":18078,"stat.fallOneCm":12943,"stat.useItem.minecraft.cooked_beef":2,"stat.sneakTime":774,"stat.damageDealt":1165,"stat.pickup.minecraft.stone":1,"stat.crouchOneCm":225,"stat.timeSinceDeath":128,"stat.drop.minecraft.glass_bottle":2,"stat.pickup.minecraft.dirt":1,"stat.sprintOneCm":6922,"stat.useItem.minecraft.stone_slab2":31,"stat.useItem.firstmod.death_sword":6,"stat.pickup.minecraft.bow":2,"stat.pickup.firstmod.death_sword":2,"stat.pickup.minecraft.cooked_beef":62}