{"stat.killEntity.firstmod.DirtBallKing":50,"stat.walkOneCm":24553,"stat.pickup.minecraft.splash_potion":2,"stat.leaveGame":1,"stat.damageTaken":580,"stat.mobKills":50,"stat.pickup.firstmod.compressed_dirt":36,"stat.flyOneCm":68217,"stat.deaths":1,"stat.jump":45,"stat.useItem.firstmod.compressed_dirt":5,"stat.playOneMinute":7527,"stat.fallOneCm":209,"stat.sneakTime":458,"stat.damageDealt":11174,"stat.pickup.minecraft.stone":1,"stat.crouchOneCm":2815,"stat.timeSinceDeath":5107,"stat.entityKilledBy.firstmod.DirtBallKing":1,"stat.pickup.minecraft.dirt":64,"stat.useItem.minecraft.dirt":1,"stat.sprintOneCm":4308,"stat.useItem.minecraft.stone_slab2":5,"stat.useItem.firstmod.death_sword":47,"stat.pickup.firstmod.death_sword":1,"stat.pickup.firstmod.dirt_ball":1037}