{"stat.killEntity.firstmod.DirtBallKing":33,"stat.walkOneCm":52269,"stat.pickup.minecraft.command_block":2,"stat.leaveGame":1,"stat.damageTaken":415,"stat.craftItem.minecraft.dirt":73,"stat.drop.minecraft.dirt":1,"stat.mobKills":33,"stat.pickup.firstmod.compressed_dirt":16,"stat.flyOneCm":63794,"stat.pickup.minecraft.lever":4,"stat.deaths":2,"stat.drop":1,"stat.jump":103,"stat.playOneMinute":18310,"stat.fallOneCm":1578,"stat.sneakTime":884,"stat.damageDealt":7930,"stat.pickup.minecraft.stone":1,"stat.crouchOneCm":2201,"stat.timeSinceDeath":7555,"stat.entityKilledBy.firstmod.DirtBallKing":2,"stat.useItem.minecraft.dirt":9,"stat.pickup.minecraft.dirt":28,"stat.sprintOneCm":23250,"stat.mineBlock.minecraft.dirt":9,"stat.useItem.minecraft.stone_slab2":25,"stat.useItem.firstmod.death_sword":33,"stat.pickup.firstmod.death_sword":2,"stat.pickup.firstmod.dirt_ball":565}