{"stat.flyOneCm":161,"stat.walkOneCm":4325,"stat.jump":23,"stat.useItem.firstmod.compressed_dirt":8,"stat.playOneMinute":2714,"stat.fallOneCm":963,"stat.leaveGame":1,"stat.sneakTime":43,"stat.mineBlock.firstmod.compressed_dirt":8,"stat.damageTaken":70,"stat.timeSinceDeath":2714,"stat.useItem.minecraft.wooden_pickaxe":1,"stat.useItem.minecraft.wooden_axe":1,"stat.useItem.minecraft.wooden_shovel":3,"stat.sprintOneCm":404,"stat.useItem.minecraft.stone_slab2":9,"stat.pickup.firstmod.compressed_dirt":8}