{"stat.useItem.minecraft.splash_potion":3,"stat.walkOneCm":49588,"stat.pickup.minecraft.command_block":4,"stat.pickup.minecraft.splash_potion":4,"stat.leaveGame":1,"stat.pickup.minecraft.anvil":4,"stat.damageTaken":1375,"stat.mobKills":2,"stat.useItem.minecraft.potion":1,"stat.pickup.minecraft.lever":4,"stat.flyOneCm":23445,"stat.deaths":4,"stat.pickup.minecraft.glass_bottle":4,"stat.jump":98,"stat.playOneMinute":10066,"stat.fallOneCm":627,"stat.sneakTime":43,"stat.damageDealt":598,"stat.pickup.minecraft.stone":4,"stat.crouchOneCm":31,"stat.timeSinceDeath":3542,"stat.sprintOneCm":20048,"stat.useItem.minecraft.stone_slab2":1,"stat.pickup.firstmod.death_sword":4}