{"stat.walkOneCm":6625,"stat.pickup.minecraft.grass":1,"stat.pickup.minecraft.anvil":2,"stat.pickup.firstmod.dirt_pickaxe":2,"stat.damageTaken":915,"stat.pickup.minecraft.name_tag":2,"stat.pickup.minecraft.emerald":51,"stat.drop.firstmod.dirt_pickaxe":1,"stat.pickup.minecraft.spawn_egg":2,"stat.flyOneCm":1377,"stat.deaths":5,"stat.pickup.minecraft.diamond_sword":4,"stat.drop":1,"stat.jump":34,"stat.playOneMinute":7281,"stat.fallOneCm":18436,"stat.sneakTime":202,"stat.pickup.minecraft.stone":2,"stat.crouchOneCm":264,"stat.timeSinceDeath":1009,"stat.useItem.minecraft.dirt":25,"stat.pickup.minecraft.dirt":41,"stat.sprintOneCm":4074,"stat.useItem.minecraft.stone_slab2":2}