{"stat.flyOneCm":9334,"stat.deaths":3,"stat.walkOneCm":29286,"stat.jump":61,"stat.playOneMinute":11248,"stat.killEntity.Sheep":2,"stat.sneakTime":205,"stat.pickup.minecraft.wool":3,"stat.killEntity.Villager":29,"stat.damageDealt":6248,"stat.crouchOneCm":195,"stat.timeSinceDeath":1036,"stat.mobKills":64,"stat.sprintOneCm":129,"stat.useItem.minecraft.spawn_egg":149,"stat.useItem.minecraft.stone_slab2":16,"stat.useItem.minecraft.diamond_sword":121,"stat.pickup.minecraft.mutton":2,"stat.talkedToVillager":40}