{"stat.killEntity.firstmod.DirtBallKing":52,"stat.walkOneCm":11253,"stat.leaveGame":1,"stat.mobKills":52,"stat.pickup.firstmod.compressed_dirt":6,"stat.flyOneCm":32975,"stat.pickup.minecraft.lever":1,"stat.jump":29,"stat.playOneMinute":4989,"stat.pickup.minecraft.enchanted_book":1,"stat.sneakTime":168,"stat.damageDealt":10230,"stat.crouchOneCm":178,"stat.timeSinceDeath":4989,"stat.sprintOneCm":9047,"stat.useItem.minecraft.stone_slab2":7,"stat.useItem.firstmod.death_sword":52,"stat.pickup.firstmod.dirt_ball":187}