{"stat.flyOneCm":829,"stat.mineBlock.minecraft.planks":5,"stat.walkOneCm":376,"stat.jump":1,"stat.playOneMinute":3750,"stat.useItem.minecraft.stone":7,"stat.leaveGame":1,"stat.sneakTime":23,"stat.pickup.minecraft.stone":5,"stat.crouchOneCm":26,"stat.timeSinceDeath":3750,"stat.pickup.minecraft.dirt":7,"stat.sprintOneCm":164,"stat.mineBlock.minecraft.dirt":7,"stat.pickup.minecraft.cobblestone":7,"stat.useItem.minecraft.stone_slab2":17,"stat.useItem.firstmod.dirt_pickaxe":24,"stat.mineBlock.minecraft.stone":12,"stat.pickup.minecraft.planks":5}