{"stat.flyOneCm":3319,"stat.useItem.minecraft.splash_potion":23,"stat.deaths":2,"stat.walkOneCm":9884,"stat.pickup.minecraft.lingering_potion":4,"stat.jump":22,"stat.playOneMinute":8162,"stat.pickup.minecraft.splash_potion":4,"stat.fallOneCm":15564,"stat.pickup.minecraft.potion":6,"stat.sneakTime":246,"stat.damageTaken":740,"stat.crouchOneCm":198,"stat.timeSinceDeath":2740,"stat.useItem.minecraft.lingering_potion":16,"stat.useItem.minecraft.dirt":73,"stat.pickup.minecraft.dirt":128,"stat.sprintOneCm":2027,"stat.useItem.minecraft.potion":3}