{"stat.walkOneCm":47267,"stat.leaveGame":2,"stat.jump":77,"stat.swimOneCm":399,"stat.fallOneCm":543,"stat.pickup.minecraft.stone":4,"stat.crouchOneCm":1608,"stat.pickup.minecraft.dirt":3,"stat.sprintOneCm":14597,"stat.useItem.minecraft.stone_slab2":21,"stat.pickup.firstmod.death_sword":4,"stat.useItem.minecraft.water_bucket":3,"stat.pickup.minecraft.grass":4,"stat.damageTaken":1595,"stat.mobKills":36,"stat.flyOneCm":61185,"stat.deaths":7,"stat.pickup.minecraft.water_bucket":1,"stat.playOneMinute":12141,"stat.sneakTime":418,"stat.damageDealt":5368,"stat.timeSinceDeath":2698,"stat.mineBlock.minecraft.dirt":1,"stat.useItem.firstmod.death_sword":27}