{
  "minecraft:recipes/redstone/stone_button": {
    "criteria": {
      "has_stone": "2021-01-23 20:38:54 +0800"
    },
    "done": true
  },
  "minecraft:recipes/building_blocks/stonebrick": {
    "criteria": {
      "has_stone": "2021-01-23 20:38:54 +0800"
    },
    "done": true
  },
  "minecraft:recipes/building_blocks/stone_slab": {
    "criteria": {
      "has_stone": "2021-01-23 20:38:54 +0800"
    },
    "done": true
  },
  "minecraft:recipes/redstone/stone_pressure_plate": {
    "criteria": {
      "has_stone": "2021-01-23 20:38:54 +0800"
    },
    "done": true
  }
}