{
  "minecraft:recipes/redstone/tnt": {
    "criteria": {
      "has_gunpowder": "2021-02-02 21:09:19 +0800"
    },
    "done": true
  },
  "minecraft:adventure/root": {
    "criteria": {
      "killed_something": "2021-02-02 21:09:02 +0800"
    },
    "done": true
  },
  "minecraft:adventure/kill_a_mob": {
    "criteria": {
      "creeper": "2021-02-02 21:09:02 +0800"
    },
    "done": true
  },
  "minecraft:adventure/kill_all_mobs": {
    "criteria": {
      "creeper": "2021-02-02 21:09:02 +0800"
    },
    "done": false
  }
}